{
  "results": [
    {
      "command": "go run ./cmd/cli/main.go -i ../inputs/rates_dirty.csv -o ../outputs/o.csv -f csv",
      "mean": 6.177089996520001,
      "stddev": 0.5277154271314944,
      "median": 6.16574708352,
      "user": 38.327167559999985,
      "system": 3.09890284,
      "min": 5.4739816255200004,
      "max": 6.9518182925200005,
      "times": [
        5.96921320852, 6.9518182925200005, 6.781981833520001, 5.78461170952,
        5.50140312552, 5.4739816255200004, 5.86933412652, 6.5725465425200005,
        6.36228095852, 6.50372854252
      ],
      "exit_codes": [0, 0, 0, 0, 0, 0, 0, 0, 0, 0]
    },
    {
      "command": "go run ./cmd/cli/main.go -i ../inputs/rates_dirty.csv -o ../outputs/o.csv -f json",
      "mean": 6.53296657172,
      "stddev": 0.3041398844183755,
      "median": 6.46201395902,
      "user": 38.96465696,
      "system": 3.06831254,
      "min": 6.081743292520001,
      "max": 7.18644645952,
      "times": [
        6.37279079252, 6.45020854252, 6.473819375520001, 6.762228250520001,
        6.081743292520001, 6.75169166752, 6.33902945952, 6.366518209520001,
        7.18644645952, 6.54518966752
      ],
      "exit_codes": [0, 0, 0, 0, 0, 0, 0, 0, 0, 0]
    }
  ]
}
