{
  "results": [
    {
      "command": "go run ./cmd/cli/main.go -i ../inputs/rates_dirty.csv -o ../outputs/o.csv",
      "mean": 5.9828304792,
      "stddev": 0.24384438788785315,
      "median": 6.054782491600001,
      "user": 38.476561819999986,
      "system": 3.0563615399999997,
      "min": 5.6099749911000005,
      "max": 6.3118069921,
      "times": [
        6.056705116100001,
        6.0703765751,
        5.6748179081000005,
        6.3118069921,
        6.0528598671000005,
        6.2056454081000005,
        6.2058642421000005,
        5.6099749911000005,
        5.713682325100001,
        5.9265713671
      ],
      "exit_codes": [
        0,
        0,
        0,
        0,
        0,
        0,
        0,
        0,
        0,
        0
      ]
    }
  ]
}
