{
  "results": [
    {
      "command": "poetry run cli -i ../inputs/rates_dirty.csv -o out.csv -f csv",
      "mean": 7.380904194139999,
      "stddev": 0.1813601020270111,
      "median": 7.343668510840001,
      "user": 18.338866880000005,
      "system": 2.87248254,
      "min": 7.19330944834,
      "max": 7.69099886434,
      "times": [
        7.19330944834, 7.45218511534, 7.6265550733400005, 7.49542457334,
        7.24197369834, 7.22598990734, 7.39657799034, 7.69099886434,
        7.19526823934, 7.29075903134
      ],
      "exit_codes": [0, 0, 0, 0, 0, 0, 0, 0, 0, 0]
    },
    {
      "command": "poetry run cli -i ../inputs/rates_dirty.csv -o out.json -f json",
      "mean": 6.89043348164,
      "stddev": 0.11182732332607448,
      "median": 6.847148135339999,
      "user": 17.92811158,
      "system": 2.76878064,
      "min": 6.79465711534,
      "max": 7.16271153134,
      "times": [
        6.84592223934, 6.84837403134, 7.00261119834, 6.82128003134,
        6.89809349034, 7.16271153134, 6.79465711534, 6.87057140734,
        6.81628061534, 6.84383315634
      ],
      "exit_codes": [0, 0, 0, 0, 0, 0, 0, 0, 0, 0]
    },
    {
      "command": "poetry run cli -i ../inputs/rates_dirty.csv -o out.parquet -f parquet",
      "mean": 6.671727618940001,
      "stddev": 0.19552933841415668,
      "median": 6.5988454478400005,
      "user": 17.698219180000002,
      "system": 2.72878884,
      "min": 6.4819461153399995,
      "max": 7.13222861434,
      "times": [
        6.4819461153399995, 6.59635178134, 6.56571207334, 7.13222861434,
        6.59228444834, 6.62861169834, 6.60133911434, 6.59281174034,
        6.90975098934, 6.6162396143399995
      ],
      "exit_codes": [0, 0, 0, 0, 0, 0, 0, 0, 0, 0]
    }
  ]
}
